SNP	effect_allele.exposure	other_allele.exposure	effect_allele.outcome	other_allele.outcome	beta.exposure	beta.outcome	eaf.exposure	eaf.outcome	remove	palindromic	ambiguous	id.outcome	pval.outcome	se.outcome	outcome	se.exposure	pval.exposure	number	exposure	id.exposure	action	mr_keep	samplesize.outcome
rs10162642	A	G	A	G	0.0285301	-0.00195771	0.210772	0.145467	FALSE	FALSE	FALSE	Sepsis (FinnGen)	0.924381	0.0206256	Sepsis (FinnGen)	0.00331257	7.138385536016632e-18	0	S_HDL_P_0.regenie.gz	S_HDL_P_0.regenie.gz	2	TRUE	NA
rs10264306	G	A	G	A	0.0205009	0.00473576	0.200236	0.203566	FALSE	FALSE	FALSE	Sepsis (FinnGen)	0.792952	0.0180424	Sepsis (FinnGen)	0.00336337	1.0919933660453721e-9	0	S_HDL_P_0.regenie.gz	S_HDL_P_0.regenie.gz	2	TRUE	NA
rs10264445	G	T	G	T	0.0171759	-0.017181	0.471184	0.577037	FALSE	FALSE	FALSE	Sepsis (FinnGen)	0.241925	0.0146823	Sepsis (FinnGen)	0.00274243	3.7760696821087895e-10	0	S_HDL_P_0.regenie.gz	S_HDL_P_0.regenie.gz	2	TRUE	NA
rs1047891	A	C	A	C	-0.0167132	-0.0104709	0.316312	0.321617	FALSE	FALSE	FALSE	Sepsis (FinnGen)	0.502939	0.0156311	Sepsis (FinnGen)	0.00289617	7.89041780287168e-9	0	S_HDL_P_0.regenie.gz	S_HDL_P_0.regenie.gz	2	TRUE	NA
rs10779836	T	C	T	C	0.0219493	0.00736033	0.802274	0.771927	FALSE	FALSE	FALSE	Sepsis (FinnGen)	0.671662	0.0173647	Sepsis (FinnGen)	0.00338869	9.34329368257313e-11	0	S_HDL_P_0.regenie.gz	S_HDL_P_0.regenie.gz	2	TRUE	NA
rs10953260	C	T	C	T	0.0215903	-0.0145359	0.81623	0.847094	FALSE	FALSE	FALSE	Sepsis (FinnGen)	0.475348	0.020364	Sepsis (FinnGen)	0.00348792	6.016168618958898e-10	0	S_HDL_P_0.regenie.gz	S_HDL_P_0.regenie.gz	2	TRUE	NA
rs11076176	G	T	G	T	-0.0505401	2.54964e-4	0.166466	0.153103	FALSE	FALSE	FALSE	Sepsis (FinnGen)	0.990004	0.0203501	Sepsis (FinnGen)	0.00367789	5.7174187291755005e-43	0	S_HDL_P_0.regenie.gz	S_HDL_P_0.regenie.gz	2	TRUE	NA
rs11207995	C	A	C	A	-0.0484933	0.0167413	0.351777	0.263981	FALSE	FALSE	FALSE	Sepsis (FinnGen)	0.310592	0.0165104	Sepsis (FinnGen)	0.00282093	3.1260793671239884e-66	0	S_HDL_P_0.regenie.gz	S_HDL_P_0.regenie.gz	2	TRUE	NA
rs11250169	G	T	G	T	-0.0183405	-0.00538876	0.51533	0.587674	FALSE	FALSE	FALSE	Sepsis (FinnGen)	0.715901	0.0148066	Sepsis (FinnGen)	0.00269376	9.860524125308566e-12	0	S_HDL_P_0.regenie.gz	S_HDL_P_0.regenie.gz	2	TRUE	NA
rs1132899	C	T	C	T	0.0170955	0.00358753	0.508881	0.555375	FALSE	FALSE	FALSE	Sepsis (FinnGen)	0.807694	0.0147391	Sepsis (FinnGen)	0.00271431	3.0098163704396947e-10	0	S_HDL_P_0.regenie.gz	S_HDL_P_0.regenie.gz	2	TRUE	NA
rs115421711	G	A	G	A	-0.0437923	0.03701	0.0411455	0.0299611	FALSE	FALSE	FALSE	Sepsis (FinnGen)	0.382601	0.0423886	Sepsis (FinnGen)	0.0067811	1.0610357083552289e-10	0	S_HDL_P_0.regenie.gz	S_HDL_P_0.regenie.gz	2	TRUE	NA
rs115478735	T	A	T	A	0.0573877	0.00154494	0.183824	0.197887	FALSE	TRUE	FALSE	Sepsis (FinnGen)	0.932503	0.0182411	Sepsis (FinnGen)	0.00347907	3.9764909647456456e-61	0	S_HDL_P_0.regenie.gz	S_HDL_P_0.regenie.gz	2	TRUE	NA
rs11601507	A	C	A	C	-0.0375687	0.0308267	0.0692857	0.0791634	FALSE	FALSE	FALSE	Sepsis (FinnGen)	0.257754	0.0272389	Sepsis (FinnGen)	0.00523984	7.509309424540651e-13	0	S_HDL_P_0.regenie.gz	S_HDL_P_0.regenie.gz	2	TRUE	NA
rs11621792	T	C	T	C	0.0212963	8.95314e-4	0.452678	0.368312	FALSE	FALSE	FALSE	Sepsis (FinnGen)	0.952676	0.0150863	Sepsis (FinnGen)	0.00271617	4.484355146389661e-15	0	S_HDL_P_0.regenie.gz	S_HDL_P_0.regenie.gz	2	TRUE	NA
rs11895352	T	C	T	C	-0.015371	0.00746884	0.47656	0.58041	FALSE	FALSE	FALSE	Sepsis (FinnGen)	0.613025	0.0147676	Sepsis (FinnGen)	0.00270189	1.2779974874561481e-8	0	S_HDL_P_0.regenie.gz	S_HDL_P_0.regenie.gz	2	TRUE	NA
rs11921360	A	C	A	C	0.0156682	-0.0284179	0.634489	0.591774	FALSE	FALSE	FALSE	Sepsis (FinnGen)	0.0549174	0.0148046	Sepsis (FinnGen)	0.00280911	2.4376985556167212e-8	0	S_HDL_P_0.regenie.gz	S_HDL_P_0.regenie.gz	2	TRUE	NA
rs11927405	T	C	T	C	0.0306673	-0.00782552	0.442276	0.445279	FALSE	FALSE	FALSE	Sepsis (FinnGen)	0.593297	0.0146528	Sepsis (FinnGen)	0.00271336	1.277614993970797e-29	0	S_HDL_P_0.regenie.gz	S_HDL_P_0.regenie.gz	2	TRUE	NA
rs12318598	G	A	G	A	-0.0386474	-0.0166044	0.0838936	0.150218	FALSE	FALSE	FALSE	Sepsis (FinnGen)	0.419309	0.0205597	Sepsis (FinnGen)	0.0048703	2.099423238038338e-15	0	S_HDL_P_0.regenie.gz	S_HDL_P_0.regenie.gz	2	TRUE	NA
rs1242510	T	C	T	C	-0.0192512	-0.0141155	0.8023	0.722444	FALSE	FALSE	FALSE	Sepsis (FinnGen)	0.385683	0.016272	Sepsis (FinnGen)	0.00338399	1.27846840587136e-8	0	S_HDL_P_0.regenie.gz	S_HDL_P_0.regenie.gz	2	TRUE	NA
rs1260326	C	T	C	T	-0.0868041	-0.0120574	0.604509	0.650093	FALSE	FALSE	FALSE	Sepsis (FinnGen)	0.430214	0.0152853	Sepsis (FinnGen)	0.00275708	1.432187899273563e-217	0	S_HDL_P_0.regenie.gz	S_HDL_P_0.regenie.gz	2	TRUE	NA
rs12743862	G	A	G	A	-0.0270025	-0.0183119	0.0813697	0.077131	FALSE	FALSE	FALSE	Sepsis (FinnGen)	0.503322	0.0273609	Sepsis (FinnGen)	0.00492781	4.2625550415742554e-8	0	S_HDL_P_0.regenie.gz	S_HDL_P_0.regenie.gz	2	TRUE	NA
rs1278523	G	T	G	T	-0.0253105	-0.0109424	0.0982138	0.0571381	FALSE	FALSE	FALSE	Sepsis (FinnGen)	0.726964	0.0313385	Sepsis (FinnGen)	0.00452496	2.224795000898447e-8	0	S_HDL_P_0.regenie.gz	S_HDL_P_0.regenie.gz	2	TRUE	NA
rs13108218	G	A	G	A	-0.0362514	0.00198226	0.616081	0.676953	FALSE	FALSE	FALSE	Sepsis (FinnGen)	0.899043	0.0156243	Sepsis (FinnGen)	0.00278671	1.0924460532267996e-38	0	S_HDL_P_0.regenie.gz	S_HDL_P_0.regenie.gz	2	TRUE	NA
rs13194791	G	A	G	A	0.0315899	0.0225576	0.160657	0.144313	FALSE	FALSE	FALSE	Sepsis (FinnGen)	0.275995	0.0207073	Sepsis (FinnGen)	0.00374043	3.026913428101317e-17	0	S_HDL_P_0.regenie.gz	S_HDL_P_0.regenie.gz	2	TRUE	NA
rs1645788	G	A	G	A	0.0267153	-0.0157095	0.228002	0.29619399999999996	FALSE	FALSE	FALSE	Sepsis (FinnGen)	0.324381	0.0159407	Sepsis (FinnGen)	0.00322935	1.3100865862570286e-16	0	S_HDL_P_0.regenie.gz	S_HDL_P_0.regenie.gz	2	TRUE	NA
rs165316	G	A	G	A	-0.0202945	-0.0169254	0.198277	0.213284	FALSE	FALSE	FALSE	Sepsis (FinnGen)	0.341373	0.017789	Sepsis (FinnGen)	0.00337865	1.8935640510416118e-9	0	S_HDL_P_0.regenie.gz	S_HDL_P_0.regenie.gz	2	TRUE	NA
rs174418	C	T	C	T	0.0565781	0.0116291	0.596524	0.554637	FALSE	FALSE	FALSE	Sepsis (FinnGen)	0.427237	0.0146476	Sepsis (FinnGen)	0.00275009	4.7708965542565216e-94	0	S_HDL_P_0.regenie.gz	S_HDL_P_0.regenie.gz	2	TRUE	NA
rs17476364	C	T	C	T	-0.0255149	0.0261694	0.108039	0.0591901	FALSE	FALSE	FALSE	Sepsis (FinnGen)	0.397597	0.030936	Sepsis (FinnGen)	0.00433373	3.920216028222313e-9	0	S_HDL_P_0.regenie.gz	S_HDL_P_0.regenie.gz	2	TRUE	NA
rs187429064	G	A	G	A	-0.117248	-0.0278069	0.0135339	0.0504164	FALSE	FALSE	FALSE	Sepsis (FinnGen)	0.410074	0.0337559	Sepsis (FinnGen)	0.012193	6.84226672765952e-22	0	S_HDL_P_0.regenie.gz	S_HDL_P_0.regenie.gz	2	TRUE	NA
rs198325	T	C	T	C	0.0427211	-0.023883	0.220995	0.191982	FALSE	FALSE	FALSE	Sepsis (FinnGen)	0.196281	0.0184822	Sepsis (FinnGen)	0.00324687	1.538508854276412e-39	0	S_HDL_P_0.regenie.gz	S_HDL_P_0.regenie.gz	2	TRUE	NA
rs2068888	A	G	A	G	-0.0187796	-0.00138666	0.44978	0.469459	FALSE	FALSE	FALSE	Sepsis (FinnGen)	0.924076	0.0145504	Sepsis (FinnGen)	0.00269992	3.50994248467012e-12	0	S_HDL_P_0.regenie.gz	S_HDL_P_0.regenie.gz	2	TRUE	NA
rs2070895	A	G	A	G	-0.0738324	0.0155894	0.219451	0.25768	FALSE	FALSE	FALSE	Sepsis (FinnGen)	0.34915	0.0166511	Sepsis (FinnGen)	0.00325723	9.44060876285911e-114	0	S_HDL_P_0.regenie.gz	S_HDL_P_0.regenie.gz	2	TRUE	NA
rs2256609	G	A	G	A	-0.0311942	-0.00218191	0.190155	0.294048	FALSE	FALSE	FALSE	Sepsis (FinnGen)	0.892087	0.0160832	Sepsis (FinnGen)	0.00342375	8.152672562240405e-20	0	S_HDL_P_0.regenie.gz	S_HDL_P_0.regenie.gz	2	TRUE	NA
rs2297409	A	G	A	G	-0.0235988	-0.0133017	0.194148	0.123769	FALSE	FALSE	FALSE	Sepsis (FinnGen)	0.548355	0.0221612	Sepsis (FinnGen)	0.0033934	3.542419582616498e-12	0	S_HDL_P_0.regenie.gz	S_HDL_P_0.regenie.gz	2	TRUE	NA
rs2395943	G	A	G	A	0.0186748	-0.00133534	0.588508	0.50412	FALSE	FALSE	FALSE	Sepsis (FinnGen)	0.927529	0.0146815	Sepsis (FinnGen)	0.00272808	7.626056174186737e-12	0	S_HDL_P_0.regenie.gz	S_HDL_P_0.regenie.gz	2	TRUE	NA
rs2494747	T	G	T	G	-0.0176777	-0.00396473	0.615418	0.6082	FALSE	FALSE	FALSE	Sepsis (FinnGen)	0.791169	0.0149729	Sepsis (FinnGen)	0.00276816	1.7016882495897195e-10	0	S_HDL_P_0.regenie.gz	S_HDL_P_0.regenie.gz	2	TRUE	NA
rs2500430	G	A	G	A	0.0149568	0.0071571	0.476283	0.515077	FALSE	FALSE	FALSE	Sepsis (FinnGen)	0.622181	0.0145245	Sepsis (FinnGen)	0.00270439	3.1923463241064934e-8	0	S_HDL_P_0.regenie.gz	S_HDL_P_0.regenie.gz	2	TRUE	NA
rs2575876	A	G	A	G	-0.0282132	-0.0164061	0.252119	0.191167	FALSE	FALSE	FALSE	Sepsis (FinnGen)	0.376367	0.0185462	Sepsis (FinnGen)	0.00309944	8.812517653660825e-20	0	S_HDL_P_0.regenie.gz	S_HDL_P_0.regenie.gz	2	TRUE	NA
rs2642438	G	A	G	A	0.0210516	0.0112054	0.70307	0.716212	FALSE	FALSE	FALSE	Sepsis (FinnGen)	0.491247	0.0162792	Sepsis (FinnGen)	0.00294525	8.826733207212585e-13	0	S_HDL_P_0.regenie.gz	S_HDL_P_0.regenie.gz	2	TRUE	NA
rs2792735	A	G	A	G	-0.0212505	4.85188e-4	0.720292	0.669022	FALSE	FALSE	FALSE	Sepsis (FinnGen)	0.974969	0.0154631	Sepsis (FinnGen)	0.00299947	1.3931568029453037e-12	0	S_HDL_P_0.regenie.gz	S_HDL_P_0.regenie.gz	2	TRUE	NA
rs28383314	C	T	C	T	0.0345147	0.0094432	0.623263	0.688979	FALSE	FALSE	FALSE	Sepsis (FinnGen)	0.547383	0.0156946	Sepsis (FinnGen)	0.00277244	1.4128628308606398e-35	0	S_HDL_P_0.regenie.gz	S_HDL_P_0.regenie.gz	2	TRUE	NA
rs2854313	A	T	A	T	0.0180513	0.00262933	0.603016	0.593417	FALSE	TRUE	FALSE	Sepsis (FinnGen)	0.858967	0.0147974	Sepsis (FinnGen)	0.00277275	7.50239627907463e-11	0	S_HDL_P_0.regenie.gz	S_HDL_P_0.regenie.gz	2	TRUE	NA
rs28601761	G	C	G	C	-0.0402255	-0.0330769	0.4193	0.412131	FALSE	TRUE	FALSE	Sepsis (FinnGen)	0.0248559	0.0147425	Sepsis (FinnGen)	0.00275757	3.382984437975895e-48	0	S_HDL_P_0.regenie.gz	S_HDL_P_0.regenie.gz	2	TRUE	NA
rs2871960	C	A	C	A	-0.0196714	0.00600382	0.443323	0.463213	FALSE	FALSE	FALSE	Sepsis (FinnGen)	0.680415	0.014576	Sepsis (FinnGen)	0.00270998	3.9039118250765995e-13	0	S_HDL_P_0.regenie.gz	S_HDL_P_0.regenie.gz	2	TRUE	NA
rs2909211	T	C	T	C	-0.0242972	-0.0184677	0.77899	0.804724	FALSE	FALSE	FALSE	Sepsis (FinnGen)	0.315506	0.0183989	Sepsis (FinnGen)	0.00323913	6.327031548665005e-14	0	S_HDL_P_0.regenie.gz	S_HDL_P_0.regenie.gz	2	TRUE	NA
rs3091492	A	G	A	G	-0.0335094	0.00878752	0.752947	0.782616	FALSE	FALSE	FALSE	Sepsis (FinnGen)	0.622018	0.0178248	Sepsis (FinnGen)	0.00322331	2.5870212734646093e-25	0	S_HDL_P_0.regenie.gz	S_HDL_P_0.regenie.gz	2	TRUE	NA
rs340005	A	G	A	G	0.0207375	0.0166633	0.619238	0.721666	FALSE	FALSE	FALSE	Sepsis (FinnGen)	0.305072	0.0162471	Sepsis (FinnGen)	0.00277088	7.204436204152839e-14	0	S_HDL_P_0.regenie.gz	S_HDL_P_0.regenie.gz	2	TRUE	NA
rs34931250	T	C	T	C	-0.034529	0.015979	0.0604828	0.0667008	FALSE	FALSE	FALSE	Sepsis (FinnGen)	0.589666	0.0296281	Sepsis (FinnGen)	0.00564737	9.705323143206e-10	0	S_HDL_P_0.regenie.gz	S_HDL_P_0.regenie.gz	2	TRUE	NA
rs35237252	A	C	A	C	0.0382855	0.00164463	0.251173	0.229673	FALSE	FALSE	FALSE	Sepsis (FinnGen)	0.924103	0.0172634	Sepsis (FinnGen)	0.00313083	2.1877616239495693e-34	0	S_HDL_P_0.regenie.gz	S_HDL_P_0.regenie.gz	2	TRUE	NA
rs35841627	G	A	G	A	0.0256203	0.00683806	0.145991	0.176773	FALSE	FALSE	FALSE	Sepsis (FinnGen)	0.719073	0.0190106	Sepsis (FinnGen)	0.00381034	1.769701422588465e-11	0	S_HDL_P_0.regenie.gz	S_HDL_P_0.regenie.gz	2	TRUE	NA
rs3747207	A	G	A	G	-0.0273831	2.82921e-4	0.215405	0.226467	FALSE	FALSE	FALSE	Sepsis (FinnGen)	0.987002	0.0173669	Sepsis (FinnGen)	0.00327069	5.651971978175996e-17	0	S_HDL_P_0.regenie.gz	S_HDL_P_0.regenie.gz	2	TRUE	NA
rs3768321	T	G	T	G	-0.0223757	0.0104672	0.196665	0.164444	FALSE	FALSE	FALSE	Sepsis (FinnGen)	0.596056	0.0197465	Sepsis (FinnGen)	0.00339219	4.216965034285823e-11	0	S_HDL_P_0.regenie.gz	S_HDL_P_0.regenie.gz	2	TRUE	NA
rs3794695	T	C	T	C	0.0261864	0.0148394	0.189067	0.194173	FALSE	FALSE	FALSE	Sepsis (FinnGen)	0.418824	0.0183551	Sepsis (FinnGen)	0.00343912	2.6515510930092135e-14	0	S_HDL_P_0.regenie.gz	S_HDL_P_0.regenie.gz	2	TRUE	NA
rs3812316	G	C	G	C	-0.0661768	-0.0234299	0.128129	0.128204	FALSE	TRUE	FALSE	Sepsis (FinnGen)	0.279989	0.0216874	Sepsis (FinnGen)	0.00402284	8.348337537236465e-61	0	S_HDL_P_0.regenie.gz	S_HDL_P_0.regenie.gz	2	TRUE	NA
rs4149056	C	T	C	T	0.0214853	0.00164793	0.150568	0.201704	FALSE	FALSE	FALSE	Sepsis (FinnGen)	0.927836	0.0181956	Sepsis (FinnGen)	0.00375436	1.0481417009605809e-8	0	S_HDL_P_0.regenie.gz	S_HDL_P_0.regenie.gz	2	TRUE	NA
rs4149310	T	A	T	A	0.0272464	0.0161182	0.157179	0.111207	FALSE	TRUE	FALSE	Sepsis (FinnGen)	0.487159	0.0231971	Sepsis (FinnGen)	0.00369303	1.6095334247774618e-13	0	S_HDL_P_0.regenie.gz	S_HDL_P_0.regenie.gz	2	TRUE	NA
rs4240624	A	G	A	G	0.103752	-0.00758341	0.908828	0.857239	FALSE	FALSE	FALSE	Sepsis (FinnGen)	0.716224	0.0208617	Sepsis (FinnGen)	0.00467789	5.457578610912645e-109	0	S_HDL_P_0.regenie.gz	S_HDL_P_0.regenie.gz	2	TRUE	NA
rs4304949	C	T	C	T	-0.0194529	0.00863391	0.721444	0.633999	FALSE	FALSE	FALSE	Sepsis (FinnGen)	0.567511	0.0151016	Sepsis (FinnGen)	0.00301706	1.1360043646919771e-10	0	S_HDL_P_0.regenie.gz	S_HDL_P_0.regenie.gz	2	TRUE	NA
rs4656292	G	A	G	A	0.0440887	-0.00338632	0.619841	0.603049	FALSE	FALSE	FALSE	Sepsis (FinnGen)	0.820491	0.0149234	Sepsis (FinnGen)	0.00278158	1.4002320047858509e-56	0	S_HDL_P_0.regenie.gz	S_HDL_P_0.regenie.gz	2	TRUE	NA
rs4850047	C	T	C	T	-0.0218572	2.49836e-4	0.868446	0.693128	FALSE	FALSE	FALSE	Sepsis (FinnGen)	0.987578	0.0160468	Sepsis (FinnGen)	0.0039774	3.8992402959791064e-8	0	S_HDL_P_0.regenie.gz	S_HDL_P_0.regenie.gz	2	TRUE	NA
rs4939883	C	T	C	T	0.0640187	0.00879465	0.82047	0.823949	FALSE	FALSE	FALSE	Sepsis (FinnGen)	0.645287	0.0191056	Sepsis (FinnGen)	0.00350766	2.0272158820696577e-74	0	S_HDL_P_0.regenie.gz	S_HDL_P_0.regenie.gz	2	TRUE	NA
rs525028	A	G	A	G	-0.0754535	-0.0208586	0.706623	0.629048	FALSE	FALSE	FALSE	Sepsis (FinnGen)	0.167553	0.0151138	Sepsis (FinnGen)	0.00297745	1.1117317272815716e-141	0	S_HDL_P_0.regenie.gz	S_HDL_P_0.regenie.gz	2	TRUE	NA
rs55709272	C	T	C	T	-0.0148201	0.025156	0.438073	0.323455	FALSE	FALSE	FALSE	Sepsis (FinnGen)	0.106719	0.0155946	Sepsis (FinnGen)	0.0027184	4.9868924259850535e-08	0	S_HDL_P_0.regenie.gz	S_HDL_P_0.regenie.gz	2	TRUE	NA
rs55714927	T	C	T	C	-0.0445879	-0.0275958	0.190621	0.264281	FALSE	FALSE	FALSE	Sepsis (FinnGen)	0.0992088	0.0167378	Sepsis (FinnGen)	0.00342293	8.681604556119965e-39	0	S_HDL_P_0.regenie.gz	S_HDL_P_0.regenie.gz	2	TRUE	NA
rs56278466	G	T	G	T	-0.0161601	-0.0286112	0.662159	0.58207	FALSE	FALSE	FALSE	Sepsis (FinnGen)	0.0527497	0.0147711	Sepsis (FinnGen)	0.00283991	1.2678562036653445e-8	0	S_HDL_P_0.regenie.gz	S_HDL_P_0.regenie.gz	2	TRUE	NA
rs56776911	G	A	G	A	0.023448	0.0127633	0.552749	0.54174	FALSE	FALSE	FALSE	Sepsis (FinnGen)	0.381635	0.0145885	Sepsis (FinnGen)	0.00270832	4.8117161525216525e-18	0	S_HDL_P_0.regenie.gz	S_HDL_P_0.regenie.gz	2	TRUE	NA
rs58542926	T	C	T	C	-0.078638	-0.0265171	0.0749734	0.0644111	FALSE	FALSE	FALSE	Sepsis (FinnGen)	0.371449	0.029669	Sepsis (FinnGen)	0.00511276	2.2039411818101247e-53	0	S_HDL_P_0.regenie.gz	S_HDL_P_0.regenie.gz	2	TRUE	NA
rs59774409	T	C	T	C	0.0294631	-0.00983466	0.0819795	0.0458683	FALSE	FALSE	FALSE	Sepsis (FinnGen)	0.777938	0.0348737	Sepsis (FinnGen)	0.00489825	1.7984567574769364e-9	0	S_HDL_P_0.regenie.gz	S_HDL_P_0.regenie.gz	2	TRUE	NA
rs6032614	T	G	T	G	-0.0424552	0.0249326	0.899744	0.839861	FALSE	FALSE	FALSE	Sepsis (FinnGen)	0.211092	0.019937	Sepsis (FinnGen)	0.00452196	6.0757514610574104e-21	0	S_HDL_P_0.regenie.gz	S_HDL_P_0.regenie.gz	2	TRUE	NA
rs6032659	A	T	A	T	-0.033912	0.02589	0.213674	0.171453	FALSE	TRUE	FALSE	Sepsis (FinnGen)	0.182288	0.0194115	Sepsis (FinnGen)	0.00333458	2.7052038697193622e-24	0	S_HDL_P_0.regenie.gz	S_HDL_P_0.regenie.gz	2	TRUE	NA
rs6065904	A	G	A	G	0.167602	-6.28297e-4	0.214861	0.224719	FALSE	FALSE	FALSE	Sepsis (FinnGen)	0.97133	0.0174815	Sepsis (FinnGen)	0.00328853	0	0	S_HDL_P_0.regenie.gz	S_HDL_P_0.regenie.gz	2	TRUE	NA
rs62128087	T	C	T	C	-0.0254935	-0.0290425	0.161695	0.165455	FALSE	FALSE	FALSE	Sepsis (FinnGen)	0.14076	0.019717	Sepsis (FinnGen)	0.00370179	5.7055826387112795e-12	0	S_HDL_P_0.regenie.gz	S_HDL_P_0.regenie.gz	2	TRUE	NA
rs645040	T	G	T	G	-0.0268727	0.015185	0.772988	0.851025	FALSE	FALSE	FALSE	Sepsis (FinnGen)	0.457723	0.0204483	Sepsis (FinnGen)	0.00321029	5.722687092228432e-17	0	S_HDL_P_0.regenie.gz	S_HDL_P_0.regenie.gz	2	TRUE	NA
rs6485802	C	A	C	A	0.0184918	-0.0117858	0.291471	0.295093	FALSE	FALSE	FALSE	Sepsis (FinnGen)	0.460556	0.0159714	Sepsis (FinnGen)	0.00296555	4.5026687687983647e-10	0	S_HDL_P_0.regenie.gz	S_HDL_P_0.regenie.gz	2	TRUE	NA
rs653178	T	C	T	C	0.0179476	0.0041289	0.516453	0.584208	FALSE	FALSE	FALSE	Sepsis (FinnGen)	0.779584	0.0147535	Sepsis (FinnGen)	0.00269173	2.598962421108662e-11	0	S_HDL_P_0.regenie.gz	S_HDL_P_0.regenie.gz	2	TRUE	NA
rs66731853	A	G	A	G	-0.0163379	0.0188579	0.325368	0.193583	FALSE	FALSE	FALSE	Sepsis (FinnGen)	0.304648	0.0183708	Sepsis (FinnGen)	0.00287679	1.3531626441310292e-8	0	S_HDL_P_0.regenie.gz	S_HDL_P_0.regenie.gz	2	TRUE	NA
rs6700896	T	C	T	C	0.0189042	0.0144944	0.377799	0.46413	FALSE	FALSE	FALSE	Sepsis (FinnGen)	0.320382	0.0145866	Sepsis (FinnGen)	0.00278053	1.0551154926754935e-11	0	S_HDL_P_0.regenie.gz	S_HDL_P_0.regenie.gz	2	TRUE	NA
rs6804771	G	T	G	T	0.0214034	-0.013694	0.26314	0.173454	FALSE	FALSE	FALSE	Sepsis (FinnGen)	0.477107	0.0192612	Sepsis (FinnGen)	0.00305093	2.292978591824823e-12	0	S_HDL_P_0.regenie.gz	S_HDL_P_0.regenie.gz	2	TRUE	NA
rs705379	A	G	A	G	0.0198675	0.00701703	0.477874	0.366471	FALSE	FALSE	FALSE	Sepsis (FinnGen)	0.644343	0.0152004	Sepsis (FinnGen)	0.00272086	2.8366124193125146e-13	0	S_HDL_P_0.regenie.gz	S_HDL_P_0.regenie.gz	2	TRUE	NA
rs7219625	T	C	T	C	0.0283456	0.00905363	0.496415	0.620732	FALSE	FALSE	FALSE	Sepsis (FinnGen)	0.54597	0.0149942	Sepsis (FinnGen)	0.00270763	1.2017108988505152e-25	0	S_HDL_P_0.regenie.gz	S_HDL_P_0.regenie.gz	2	TRUE	NA
rs72836561	T	C	T	C	-0.0702948	-0.0527012	0.0309418	0.0325646	FALSE	FALSE	FALSE	Sepsis (FinnGen)	0.198798	0.0410131	Sepsis (FinnGen)	0.00777555	1.5595525028269586e-19	0	S_HDL_P_0.regenie.gz	S_HDL_P_0.regenie.gz	2	TRUE	NA
rs72997616	A	C	A	C	-0.0588933	-0.00840153	0.0936899	0.10499	FALSE	FALSE	FALSE	Sepsis (FinnGen)	0.723446	0.0237427	Sepsis (FinnGen)	0.0046397	6.438726829014582e-37	0	S_HDL_P_0.regenie.gz	S_HDL_P_0.regenie.gz	2	TRUE	NA
rs737338	T	C	T	C	-0.0799326	-0.029133	0.0351542	0.0631948	FALSE	FALSE	FALSE	Sepsis (FinnGen)	0.32961	0.0298831	Sepsis (FinnGen)	0.00730982	7.843321188819633e-28	0	S_HDL_P_0.regenie.gz	S_HDL_P_0.regenie.gz	2	TRUE	NA
rs75406471	A	G	A	G	-0.0256804	-0.00342997	0.154359	0.141605	FALSE	FALSE	FALSE	Sepsis (FinnGen)	0.86955	0.0208852	Sepsis (FinnGen)	0.00372725	5.583416170259268e-12	0	S_HDL_P_0.regenie.gz	S_HDL_P_0.regenie.gz	2	TRUE	NA
rs76061303	A	C	A	C	-0.0797411	-0.0387909	0.012993	0.0713279	FALSE	FALSE	FALSE	Sepsis (FinnGen)	0.173531	0.0285029	Sepsis (FinnGen)	0.0121008	4.4055486350655335e-11	0	S_HDL_P_0.regenie.gz	S_HDL_P_0.regenie.gz	2	TRUE	NA
rs76895963	G	T	G	T	-0.0842698	0.0299202	0.0202703	0.0313289	FALSE	FALSE	FALSE	Sepsis (FinnGen)	0.492521	0.0435961	Sepsis (FinnGen)	0.0105258	1.1846771175814872e-15	0	S_HDL_P_0.regenie.gz	S_HDL_P_0.regenie.gz	2	TRUE	NA
rs77960347	G	A	G	A	0.190341	0.193239	0.0135131	0.00740839	FALSE	FALSE	FALSE	Sepsis (FinnGen)	0.0214472	0.0840165	Sepsis (FinnGen)	0.0116456	4.757732275412032e-60	0	S_HDL_P_0.regenie.gz	S_HDL_P_0.regenie.gz	2	TRUE	NA
rs8138399	T	C	T	C	0.0167975	-0.0266869	0.667759	0.670312	FALSE	FALSE	FALSE	Sepsis (FinnGen)	0.0847305	0.0154808	Sepsis (FinnGen)	0.00285103	3.821729986876497e-9	0	S_HDL_P_0.regenie.gz	S_HDL_P_0.regenie.gz	2	TRUE	NA
rs888655	G	A	G	A	0.0228493	-0.0253393	0.719951	0.772804	FALSE	FALSE	FALSE	Sepsis (FinnGen)	0.144223	0.0173528	Sepsis (FinnGen)	0.00299355	2.2961486481123655e-14	0	S_HDL_P_0.regenie.gz	S_HDL_P_0.regenie.gz	2	TRUE	NA
rs9470024	C	G	C	G	-0.0241275	-0.010141	0.837518	0.904923	FALSE	TRUE	FALSE	Sepsis (FinnGen)	0.683302	0.0248579	Sepsis (FinnGen)	0.00365029	3.850348146786147e-11	0	S_HDL_P_0.regenie.gz	S_HDL_P_0.regenie.gz	2	TRUE	NA
rs9604045	T	G	T	G	0.0180643	0.0394535	0.253947	0.171273	FALSE	FALSE	FALSE	Sepsis (FinnGen)	0.0458585	0.0197594	Sepsis (FinnGen)	0.00322459	2.1185074715058684e-8	0	S_HDL_P_0.regenie.gz	S_HDL_P_0.regenie.gz	2	TRUE	NA
rs9911200	T	G	T	G	-0.0170117	0.0939371	0.541036	0.00823642	FALSE	FALSE	FALSE	Sepsis (FinnGen)	0.273727	0.0858249	Sepsis (FinnGen)	0.00274776	5.973790666599223e-10	0	S_HDL_P_0.regenie.gz	S_HDL_P_0.regenie.gz	2	TRUE	NA
