SNP	effect_allele.exposure	other_allele.exposure	effect_allele.outcome	other_allele.outcome	beta.exposure	beta.outcome	eaf.exposure	eaf.outcome	remove	palindromic	ambiguous	id.outcome	se.outcome	LOG10P	outcome	pval.exposure	se.exposure	id.exposure	exposure	action	mr_keep	samplesize.outcome
rs112203594	A	C	A	C	-0.0396	-0.0137401	0.0155341051671039	0.0265544	FALSE	FALSE	FALSE	HDL_P.regenie.gz	0.00783992	1.09868	HDL_P.regenie.gz	2.09e-8	0.0071	cisIL6R	cisIL6R	2	TRUE	NA
rs11264224	A	C	A	C	-0.0418	-0.0177543	0.91	0.830369	FALSE	FALSE	FALSE	HDL_P.regenie.gz	0.00342914	6.6479799999999996	HDL_P.regenie.gz	1.5999999999999998e-49	0.0028	cisIL6R	cisIL6R	2	TRUE	NA
rs113580743	A	G	A	G	-0.055	-0.00333981	0.0439491355907987	0.0399063	FALSE	FALSE	FALSE	HDL_P.regenie.gz	0.00655572	0.214359	HDL_P.regenie.gz	1.0899999999999999e-23	0.0055	cisIL6R	cisIL6R	2	TRUE	NA
rs116141616	A	G	A	G	-0.0387	-0.00311217	0.0169854105164078	0.0282493	FALSE	FALSE	FALSE	HDL_P.regenie.gz	0.00761724	0.165671	HDL_P.regenie.gz	1.76e-8	0.0069	cisIL6R	cisIL6R	2	TRUE	NA
rs12059682	T	C	T	C	0.0474	0.0083279099999999991	0.71775092936803	0.790996	FALSE	FALSE	FALSE	HDL_P.regenie.gz	0.00310393	2.13692	HDL_P.regenie.gz	2.11e-77	0.0025	cisIL6R	cisIL6R	2	TRUE	NA
rs12083537	A	G	A	G	-0.0679	-0.00823695	0.7746726513808679	0.780873	FALSE	FALSE	FALSE	HDL_P.regenie.gz	0.00306064	2.14762	HDL_P.regenie.gz	3e-156	0.0026	cisIL6R	cisIL6R	2	TRUE	NA
rs12406117	A	G	A	G	-0.0124	-0.00457533	0.527726617267029	0.546751	FALSE	FALSE	FALSE	HDL_P.regenie.gz	0.00254338	1.14248	HDL_P.regenie.gz	3.83e-9	0.0021	cisIL6R	cisIL6R	2	TRUE	NA
rs12735458	A	G	A	G	-0.0842	-0.0102048	0.9897835250410802	0.9862747	FALSE	FALSE	FALSE	HDL_P.regenie.gz	0.0110763	0.447474	HDL_P.regenie.gz	4.53e-20	0.0092	cisIL6R	cisIL6R	2	TRUE	NA
rs144029367	T	C	T	C	0.0498	0.0046284	0.9866587755451292	0.9810703	FALSE	FALSE	FALSE	HDL_P.regenie.gz	0.00943508	0.204994	HDL_P.regenie.gz	5.43e-10	0.008	cisIL6R	cisIL6R	2	TRUE	NA
rs145262901	A	G	A	G	0.061	-0.00294314	0.0108279253266245	0.0119796	FALSE	FALSE	FALSE	HDL_P.regenie.gz	0.0130234	0.0855457	HDL_P.regenie.gz	2.38e-9	0.0102	cisIL6R	cisIL6R	2	TRUE	NA
rs145909430	T	C	T	C	-0.1001	-0.0142363	0.9860237346296826	0.9781826	FALSE	FALSE	FALSE	HDL_P.regenie.gz	0.00902899	0.939841	HDL_P.regenie.gz	2.859999999999999e-34	0.0082	cisIL6R	cisIL6R	2	TRUE	NA
rs16836054	A	G	A	G	-0.0516	-0.00984981	0.12661767853321	0.16064	FALSE	FALSE	FALSE	HDL_P.regenie.gz	0.00344389	2.37311	HDL_P.regenie.gz	1.51e-75	0.0028	cisIL6R	cisIL6R	2	TRUE	NA
rs183641528	A	G	A	G	0.0851	-0.0044265	0.0111652775593647	0.0193547	FALSE	FALSE	FALSE	HDL_P.regenie.gz	0.00944368	0.194319	HDL_P.regenie.gz	1.62e-26	0.008	cisIL6R	cisIL6R	2	TRUE	NA
rs2228145	A	C	A	C	-0.0947	-0.0112609	0.682680858999555	0.591226	FALSE	FALSE	FALSE	HDL_P.regenie.gz	0.00256181	4.95689	HDL_P.regenie.gz	3e-307	0.0021	cisIL6R	cisIL6R	2	TRUE	NA
rs34693607	C	G	C	G	-0.0328	-0.00819649	0.845346246143298	0.787723	FALSE	TRUE	FALSE	HDL_P.regenie.gz	0.00309009	2.09748	HDL_P.regenie.gz	3.83e-36	0.0026	cisIL6R	cisIL6R	2	TRUE	NA
rs3738028	A	C	A	C	-0.0137	-0.00417325	0.571766505152724	0.58033	FALSE	FALSE	FALSE	HDL_P.regenie.gz	0.00269212	0.916856	HDL_P.regenie.gz	1.19e-9	0.0023	cisIL6R	cisIL6R	2	TRUE	NA
rs3766925	A	T	A	T	0.0148	-0.0062165	0.219709854927464	0.226148	FALSE	TRUE	FALSE	HDL_P.regenie.gz	0.00301638	1.40548	HDL_P.regenie.gz	2.69e-9	0.0025	cisIL6R	cisIL6R	2	TRUE	NA
rs41269913	T	C	T	C	0.0424	-0.00311425	0.0268009924709103	0.0385267	FALSE	FALSE	FALSE	HDL_P.regenie.gz	0.00655346	0.197473	HDL_P.regenie.gz	2.28e-13	0.0058	cisIL6R	cisIL6R	2	TRUE	NA
rs56100876	A	G	A	G	0.117	5.39678e-4	0.0152765069198216	0.0190301	FALSE	FALSE	FALSE	HDL_P.regenie.gz	0.00953542	0.0200576	HDL_P.regenie.gz	3.2699999999999984e-42	0.0086	cisIL6R	cisIL6R	2	TRUE	NA
rs61806853	T	C	T	C	-0.0437	-0.0152058	0.9662369333010083	0.9507673	FALSE	FALSE	FALSE	HDL_P.regenie.gz	0.00583401	2.03859	HDL_P.regenie.gz	1.23e-18	0.005	cisIL6R	cisIL6R	2	TRUE	NA
rs6698385	A	G	A	G	0.035	0.00316569	0.836561380471861	0.799916	FALSE	FALSE	FALSE	HDL_P.regenie.gz	0.00317724	0.49611	HDL_P.regenie.gz	3.74e-41	0.0026	cisIL6R	cisIL6R	2	TRUE	NA
rs73026617	T	C	T	C	-0.0467	-0.00508683	0.105487038940276	0.101701	FALSE	FALSE	FALSE	HDL_P.regenie.gz	0.00418047	0.650378	HDL_P.regenie.gz	1.69e-42	0.0034	cisIL6R	cisIL6R	2	TRUE	NA
rs7525477	A	G	A	G	-0.0296	-7.62555e-5	0.393088275211795	0.443025	FALSE	FALSE	FALSE	HDL_P.regenie.gz	0.00266701	0.010021	HDL_P.regenie.gz	1.35e-38	0.0023	cisIL6R	cisIL6R	2	TRUE	NA
rs76289529	T	C	T	C	0.0519	-0.00258771	0.024137045334551	0.0384077	FALSE	FALSE	FALSE	HDL_P.regenie.gz	0.00665552	0.156506	HDL_P.regenie.gz	4.78e-18	0.006	cisIL6R	cisIL6R	2	TRUE	NA
rs77994623	T	C	T	C	-0.046	-0.00549686	0.137397004012738	0.168527	FALSE	FALSE	FALSE	HDL_P.regenie.gz	0.00336813	0.988536	HDL_P.regenie.gz	1.4999999999999999e-58	0.0029	cisIL6R	cisIL6R	2	TRUE	NA
rs78035035	A	C	A	C	-0.0457	-0.0192134	0.0137501427103551	0.021806	FALSE	FALSE	FALSE	HDL_P.regenie.gz	0.00898104	1.48933	HDL_P.regenie.gz	1.43e-8	0.0081	cisIL6R	cisIL6R	2	TRUE	NA
rs1130864	A	G	A	G	-0.133	0.00376008	0.306	0.306751	FALSE	FALSE	FALSE	HDL_P.regenie.gz	0.00273939	0.769865	HDL_P.regenie.gz	1e-291	0.0021	cisCRP	cisCRP	2	TRUE	NA
rs1205	T	C	T	C	0.176	-0.00600581	0.331	0.330747	FALSE	FALSE	FALSE	HDL_P.regenie.gz	0.0026762	1.60516	HDL_P.regenie.gz	1e-291	0.0021	cisCRP	cisCRP	2	TRUE	NA
rs1800947	C	G	C	G	0.2694	-0.00646869	0.061	0.060992999999999964	FALSE	TRUE	FALSE	HDL_P.regenie.gz	0.00532334	0.649158	HDL_P.regenie.gz	1e-291	0.0044	cisCRP	cisCRP	2	TRUE	NA
rs3093077	A	C	A	C	-0.218	9.31328e-4	0.057	0.9430602	FALSE	FALSE	FALSE	HDL_P.regenie.gz	0.00544785	0.0633554	HDL_P.regenie.gz	1e-291	0.0043	cisCRP	cisCRP	2	TRUE	NA
rs112203594	A	C	A	C	-0.0396	-0.00807837	0.0155341051671039	0.0265544	FALSE	FALSE	FALSE	HDL_WO_S_HDL.regenie.gz	0.00726965	0.574364	HDL_WO_S_HDL.regenie.gz	2.09e-8	0.0071	cisIL6R	cisIL6R	2	TRUE	NA
rs11264224	A	C	A	C	-0.0418	-0.0102688	0.91	0.830369	FALSE	FALSE	FALSE	HDL_WO_S_HDL.regenie.gz	0.00317971	2.90653	HDL_WO_S_HDL.regenie.gz	1.5999999999999998e-49	0.0028	cisIL6R	cisIL6R	2	TRUE	NA
rs113580743	A	G	A	G	-0.055	-0.00595335	0.0439491355907987	0.0399063	FALSE	FALSE	FALSE	HDL_WO_S_HDL.regenie.gz	0.00607886	0.484914	HDL_WO_S_HDL.regenie.gz	1.0899999999999999e-23	0.0055	cisIL6R	cisIL6R	2	TRUE	NA
rs116141616	A	G	A	G	-0.0387	-0.00463349	0.0169854105164078	0.0282493	FALSE	FALSE	FALSE	HDL_WO_S_HDL.regenie.gz	0.00706316	0.290884	HDL_WO_S_HDL.regenie.gz	1.76e-8	0.0069	cisIL6R	cisIL6R	2	TRUE	NA
rs12059682	T	C	T	C	0.0474	0.00652143	0.71775092936803	0.790996	FALSE	FALSE	FALSE	HDL_WO_S_HDL.regenie.gz	0.00287815	1.62965	HDL_WO_S_HDL.regenie.gz	2.11e-77	0.0025	cisIL6R	cisIL6R	2	TRUE	NA
rs12083537	A	G	A	G	-0.0679	-0.00238806	0.7746726513808679	0.780873	FALSE	FALSE	FALSE	HDL_WO_S_HDL.regenie.gz	0.00283801	0.397841	HDL_WO_S_HDL.regenie.gz	3e-156	0.0026	cisIL6R	cisIL6R	2	TRUE	NA
rs12406117	A	G	A	G	-0.0124	-0.00214767	0.527726617267029	0.546751	FALSE	FALSE	FALSE	HDL_WO_S_HDL.regenie.gz	0.00235837	0.440721	HDL_WO_S_HDL.regenie.gz	3.83e-9	0.0021	cisIL6R	cisIL6R	2	TRUE	NA
rs12735458	A	G	A	G	-0.0842	0.00365706	0.9897835250410802	0.9862747	FALSE	FALSE	FALSE	HDL_WO_S_HDL.regenie.gz	0.0102706	0.141591	HDL_WO_S_HDL.regenie.gz	4.53e-20	0.0092	cisIL6R	cisIL6R	2	TRUE	NA
rs144029367	T	C	T	C	0.0498	0.00720867	0.9866587755451292	0.9810703	FALSE	FALSE	FALSE	HDL_WO_S_HDL.regenie.gz	0.00874878	0.387258	HDL_WO_S_HDL.regenie.gz	5.43e-10	0.008	cisIL6R	cisIL6R	2	TRUE	NA
rs145262901	A	G	A	G	0.061	-0.00171712	0.0108279253266245	0.0119796	FALSE	FALSE	FALSE	HDL_WO_S_HDL.regenie.gz	0.0120761	0.0521114	HDL_WO_S_HDL.regenie.gz	2.38e-9	0.0102	cisIL6R	cisIL6R	2	TRUE	NA
rs145909430	T	C	T	C	-0.1001	-0.00360467	0.9860237346296826	0.9781826	FALSE	FALSE	FALSE	HDL_WO_S_HDL.regenie.gz	0.00837222	0.176008	HDL_WO_S_HDL.regenie.gz	2.859999999999999e-34	0.0082	cisIL6R	cisIL6R	2	TRUE	NA
rs16836054	A	G	A	G	-0.0516	-9.94283e-4	0.12661767853321	0.16064	FALSE	FALSE	FALSE	HDL_WO_S_HDL.regenie.gz	0.00319339	0.121749	HDL_WO_S_HDL.regenie.gz	1.51e-75	0.0028	cisIL6R	cisIL6R	2	TRUE	NA
rs183641528	A	G	A	G	0.0851	-0.00750848	0.0111652775593647	0.0193547	FALSE	FALSE	FALSE	HDL_WO_S_HDL.regenie.gz	0.00875675	0.407606	HDL_WO_S_HDL.regenie.gz	1.62e-26	0.008	cisIL6R	cisIL6R	2	TRUE	NA
rs2228145	A	C	A	C	-0.0947	-0.00703047	0.682680858999555	0.591226	FALSE	FALSE	FALSE	HDL_WO_S_HDL.regenie.gz	0.00237547	2.51142	HDL_WO_S_HDL.regenie.gz	3e-307	0.0021	cisIL6R	cisIL6R	2	TRUE	NA
rs34693607	C	G	C	G	-0.0328	-0.00355521	0.845346246143298	0.787723	FALSE	TRUE	FALSE	HDL_WO_S_HDL.regenie.gz	0.00286532	0.668189	HDL_WO_S_HDL.regenie.gz	3.83e-36	0.0026	cisIL6R	cisIL6R	2	TRUE	NA
rs3738028	A	C	A	C	-0.0137	-0.0030175000000000002	0.571766505152724	0.58033	FALSE	FALSE	FALSE	HDL_WO_S_HDL.regenie.gz	0.0024963	0.644464	HDL_WO_S_HDL.regenie.gz	1.19e-9	0.0023	cisIL6R	cisIL6R	2	TRUE	NA
rs3766925	A	T	A	T	0.0148	-0.00510035	0.219709854927464	0.226148	FALSE	TRUE	FALSE	HDL_WO_S_HDL.regenie.gz	0.00279697	1.16606	HDL_WO_S_HDL.regenie.gz	2.69e-9	0.0025	cisIL6R	cisIL6R	2	TRUE	NA
rs41269913	T	C	T	C	0.0424	-0.00334337	0.0268009924709103	0.0385267	FALSE	FALSE	FALSE	HDL_WO_S_HDL.regenie.gz	0.00607677	0.234935	HDL_WO_S_HDL.regenie.gz	2.28e-13	0.0058	cisIL6R	cisIL6R	2	TRUE	NA
rs56100876	A	G	A	G	0.117	0.00273437	0.0152765069198216	0.0190301	FALSE	FALSE	FALSE	HDL_WO_S_HDL.regenie.gz	0.00884182	0.120831	HDL_WO_S_HDL.regenie.gz	3.2699999999999984e-42	0.0086	cisIL6R	cisIL6R	2	TRUE	NA
rs61806853	T	C	T	C	-0.0437	-0.00952634	0.9662369333010083	0.9507673	FALSE	FALSE	FALSE	HDL_WO_S_HDL.regenie.gz	0.00540965	1.10657	HDL_WO_S_HDL.regenie.gz	1.23e-18	0.005	cisIL6R	cisIL6R	2	TRUE	NA
rs6698385	A	G	A	G	0.035	-0.0036939	0.836561380471861	0.799916	FALSE	FALSE	FALSE	HDL_WO_S_HDL.regenie.gz	0.00294613	0.677967	HDL_WO_S_HDL.regenie.gz	3.74e-41	0.0026	cisIL6R	cisIL6R	2	TRUE	NA
rs73026617	T	C	T	C	-0.0467	-0.00113207	0.105487038940276	0.101701	FALSE	FALSE	FALSE	HDL_WO_S_HDL.regenie.gz	0.00387639	0.113366	HDL_WO_S_HDL.regenie.gz	1.69e-42	0.0034	cisIL6R	cisIL6R	2	TRUE	NA
rs7525477	A	G	A	G	-0.0296	-0.00147951	0.393088275211795	0.443025	FALSE	FALSE	FALSE	HDL_WO_S_HDL.regenie.gz	0.00247301	0.259903	HDL_WO_S_HDL.regenie.gz	1.35e-38	0.0023	cisIL6R	cisIL6R	2	TRUE	NA
rs76289529	T	C	T	C	0.0519	-9.75684e-4	0.024137045334551	0.0384077	FALSE	FALSE	FALSE	HDL_WO_S_HDL.regenie.gz	0.0061714	0.0582999	HDL_WO_S_HDL.regenie.gz	4.78e-18	0.006	cisIL6R	cisIL6R	2	TRUE	NA
rs77994623	T	C	T	C	-0.046	-0.00672958	0.137397004012738	0.168527	FALSE	FALSE	FALSE	HDL_WO_S_HDL.regenie.gz	0.00312313	1.50611	HDL_WO_S_HDL.regenie.gz	1.4999999999999999e-58	0.0029	cisIL6R	cisIL6R	2	TRUE	NA
rs78035035	A	C	A	C	-0.0457	0.00388938	0.0137501427103551	0.021806	FALSE	FALSE	FALSE	HDL_WO_S_HDL.regenie.gz	0.00832776	0.193499	HDL_WO_S_HDL.regenie.gz	1.43e-8	0.0081	cisIL6R	cisIL6R	2	TRUE	NA
rs1130864	A	G	A	G	-0.133	0.00275858	0.306	0.306751	FALSE	FALSE	FALSE	HDL_WO_S_HDL.regenie.gz	0.00254013	0.556771	HDL_WO_S_HDL.regenie.gz	1e-291	0.0021	cisCRP	cisCRP	2	TRUE	NA
rs1205	T	C	T	C	0.176	-0.00534715	0.331	0.330747	FALSE	FALSE	FALSE	HDL_WO_S_HDL.regenie.gz	0.00248154	1.50613	HDL_WO_S_HDL.regenie.gz	1e-291	0.0021	cisCRP	cisCRP	2	TRUE	NA
rs1800947	C	G	C	G	0.2694	-0.00741936	0.061	0.060992999999999964	FALSE	TRUE	FALSE	HDL_WO_S_HDL.regenie.gz	0.00493613	0.876736	HDL_WO_S_HDL.regenie.gz	1e-291	0.0044	cisCRP	cisCRP	2	TRUE	NA
rs3093077	A	C	A	C	-0.218	-0.0014189	0.057	0.9430602	FALSE	FALSE	FALSE	HDL_WO_S_HDL.regenie.gz	0.00505157	0.108574	HDL_WO_S_HDL.regenie.gz	1e-291	0.0043	cisCRP	cisCRP	2	TRUE	NA
rs112203594	A	C	A	C	-0.0396	-0.00280924	0.0155341051671039	0.0265544	FALSE	FALSE	FALSE	L_HDL_P.regenie.gz	0.00712366	0.159066	L_HDL_P.regenie.gz	2.09e-8	0.0071	cisIL6R	cisIL6R	2	TRUE	NA
rs11264224	A	C	A	C	-0.0418	-0.0042506	0.91	0.830369	FALSE	FALSE	FALSE	L_HDL_P.regenie.gz	0.00311586	0.763186	L_HDL_P.regenie.gz	1.5999999999999998e-49	0.0028	cisIL6R	cisIL6R	2	TRUE	NA
rs113580743	A	G	A	G	-0.055	-0.00429658	0.0439491355907987	0.0399063	FALSE	FALSE	FALSE	L_HDL_P.regenie.gz	0.00595678	0.327228	L_HDL_P.regenie.gz	1.0899999999999999e-23	0.0055	cisIL6R	cisIL6R	2	TRUE	NA
rs116141616	A	G	A	G	-0.0387	-0.00706609	0.0169854105164078	0.0282493	FALSE	FALSE	FALSE	L_HDL_P.regenie.gz	0.00692132	0.512446	L_HDL_P.regenie.gz	1.76e-8	0.0069	cisIL6R	cisIL6R	2	TRUE	NA
rs12059682	T	C	T	C	0.0474	0.00450451	0.71775092936803	0.790996	FALSE	FALSE	FALSE	L_HDL_P.regenie.gz	0.00282035	0.957688	L_HDL_P.regenie.gz	2.11e-77	0.0025	cisIL6R	cisIL6R	2	TRUE	NA
rs12083537	A	G	A	G	-0.0679	0.00174282	0.7746726513808679	0.780873	FALSE	FALSE	FALSE	L_HDL_P.regenie.gz	0.00278101	0.275016	L_HDL_P.regenie.gz	3e-156	0.0026	cisIL6R	cisIL6R	2	TRUE	NA
rs12406117	A	G	A	G	-0.0124	-5.8282e-4	0.527726617267029	0.546751	FALSE	FALSE	FALSE	L_HDL_P.regenie.gz	0.00231101	0.0964259	L_HDL_P.regenie.gz	3.83e-9	0.0021	cisIL6R	cisIL6R	2	TRUE	NA
rs12735458	A	G	A	G	-0.0842	0.00891599	0.9897835250410802	0.9862747	FALSE	FALSE	FALSE	L_HDL_P.regenie.gz	0.0100644	0.42519	L_HDL_P.regenie.gz	4.53e-20	0.0092	cisIL6R	cisIL6R	2	TRUE	NA
rs144029367	T	C	T	C	0.0498	0.00605171	0.9866587755451292	0.9810703	FALSE	FALSE	FALSE	L_HDL_P.regenie.gz	0.00857309	0.31853	L_HDL_P.regenie.gz	5.43e-10	0.008	cisIL6R	cisIL6R	2	TRUE	NA
rs145262901	A	G	A	G	0.061	-0.00396258	0.0108279253266245	0.0119796	FALSE	FALSE	FALSE	L_HDL_P.regenie.gz	0.0118336	0.132102	L_HDL_P.regenie.gz	2.38e-9	0.0102	cisIL6R	cisIL6R	2	TRUE	NA
rs145909430	T	C	T	C	-0.1001	0.00462695	0.9860237346296826	0.9781826	FALSE	FALSE	FALSE	L_HDL_P.regenie.gz	0.0082041	0.24202099999999999	L_HDL_P.regenie.gz	2.859999999999999e-34	0.0082	cisIL6R	cisIL6R	2	TRUE	NA
rs16836054	A	G	A	G	-0.0516	0.00384164	0.12661767853321	0.16064	FALSE	FALSE	FALSE	L_HDL_P.regenie.gz	0.00312926	0.658412	L_HDL_P.regenie.gz	1.51e-75	0.0028	cisIL6R	cisIL6R	2	TRUE	NA
rs183641528	A	G	A	G	0.0851	-0.00474347	0.0111652775593647	0.0193547	FALSE	FALSE	FALSE	L_HDL_P.regenie.gz	0.0085809	0.236269	L_HDL_P.regenie.gz	1.62e-26	0.008	cisIL6R	cisIL6R	2	TRUE	NA
rs2228145	A	C	A	C	-0.0947	-0.00329413	0.682680858999555	0.591226	FALSE	FALSE	FALSE	L_HDL_P.regenie.gz	0.00232776	0.804033	L_HDL_P.regenie.gz	3e-307	0.0021	cisIL6R	cisIL6R	2	TRUE	NA
rs34693607	C	G	C	G	-0.0328	4.20883e-4	0.845346246143298	0.787723	FALSE	TRUE	FALSE	L_HDL_P.regenie.gz	0.00280778	0.055101	L_HDL_P.regenie.gz	3.83e-36	0.0026	cisIL6R	cisIL6R	2	TRUE	NA
rs3738028	A	C	A	C	-0.0137	-0.00129897	0.571766505152724	0.58033	FALSE	FALSE	FALSE	L_HDL_P.regenie.gz	0.00244617	0.225189	L_HDL_P.regenie.gz	1.19e-9	0.0023	cisIL6R	cisIL6R	2	TRUE	NA
rs3766925	A	T	A	T	0.0148	-0.00232547	0.219709854927464	0.226148	FALSE	TRUE	FALSE	L_HDL_P.regenie.gz	0.0027408	0.402108	L_HDL_P.regenie.gz	2.69e-9	0.0025	cisIL6R	cisIL6R	2	TRUE	NA
rs41269913	T	C	T	C	0.0424	-0.00268954	0.0268009924709103	0.0385267	FALSE	FALSE	FALSE	L_HDL_P.regenie.gz	0.00595473	0.186079	L_HDL_P.regenie.gz	2.28e-13	0.0058	cisIL6R	cisIL6R	2	TRUE	NA
rs56100876	A	G	A	G	0.117	0.00291603	0.0152765069198216	0.0190301	FALSE	FALSE	FALSE	L_HDL_P.regenie.gz	0.00866426	0.132857	L_HDL_P.regenie.gz	3.2699999999999984e-42	0.0086	cisIL6R	cisIL6R	2	TRUE	NA
rs61806853	T	C	T	C	-0.0437	-0.00525453	0.9662369333010083	0.9507673	FALSE	FALSE	FALSE	L_HDL_P.regenie.gz	0.00530101	0.492721	L_HDL_P.regenie.gz	1.23e-18	0.005	cisIL6R	cisIL6R	2	TRUE	NA
rs6698385	A	G	A	G	0.035	-0.00813646	0.836561380471861	0.799916	FALSE	FALSE	FALSE	L_HDL_P.regenie.gz	0.00288697	2.3163	L_HDL_P.regenie.gz	3.74e-41	0.0026	cisIL6R	cisIL6R	2	TRUE	NA
rs73026617	T	C	T	C	-0.0467	0.00123684	0.105487038940276	0.101701	FALSE	FALSE	FALSE	L_HDL_P.regenie.gz	0.00379854	0.128007	L_HDL_P.regenie.gz	1.69e-42	0.0034	cisIL6R	cisIL6R	2	TRUE	NA
rs7525477	A	G	A	G	-0.0296	-8.95938e-4	0.393088275211795	0.443025	FALSE	FALSE	FALSE	L_HDL_P.regenie.gz	0.00242335	0.147765	L_HDL_P.regenie.gz	1.35e-38	0.0023	cisIL6R	cisIL6R	2	TRUE	NA
rs76289529	T	C	T	C	0.0519	4.08478e-4	0.024137045334551	0.0384077	FALSE	FALSE	FALSE	L_HDL_P.regenie.gz	0.00604746	0.0240411	L_HDL_P.regenie.gz	4.78e-18	0.006	cisIL6R	cisIL6R	2	TRUE	NA
rs77994623	T	C	T	C	-0.046	-0.00696783	0.137397004012738	0.168527	FALSE	FALSE	FALSE	L_HDL_P.regenie.gz	0.00306041	1.64205	L_HDL_P.regenie.gz	1.4999999999999999e-58	0.0029	cisIL6R	cisIL6R	2	TRUE	NA
rs78035035	A	C	A	C	-0.0457	0.0196218	0.0137501427103551	0.021806	FALSE	FALSE	FALSE	L_HDL_P.regenie.gz	0.00816052	1.7906	L_HDL_P.regenie.gz	1.43e-8	0.0081	cisIL6R	cisIL6R	2	TRUE	NA
rs1130864	A	G	A	G	-0.133	0.00268435	0.306	0.306751	FALSE	FALSE	FALSE	L_HDL_P.regenie.gz	0.00248912	0.551541	L_HDL_P.regenie.gz	1e-291	0.0021	cisCRP	cisCRP	2	TRUE	NA
rs1205	T	C	T	C	0.176	-0.00456947	0.331	0.330747	FALSE	FALSE	FALSE	L_HDL_P.regenie.gz	0.0024317	1.2202	L_HDL_P.regenie.gz	1e-291	0.0021	cisCRP	cisCRP	2	TRUE	NA
rs1800947	C	G	C	G	0.2694	-0.00803227	0.061	0.060992999999999964	FALSE	TRUE	FALSE	L_HDL_P.regenie.gz	0.004837	1.01414	L_HDL_P.regenie.gz	1e-291	0.0044	cisCRP	cisCRP	2	TRUE	NA
rs3093077	A	C	A	C	-0.218	-0.00322445	0.057	0.9430602	FALSE	FALSE	FALSE	L_HDL_P.regenie.gz	0.00495013	0.288365	L_HDL_P.regenie.gz	1e-291	0.0043	cisCRP	cisCRP	2	TRUE	NA
rs112203594	A	C	A	C	-0.0396	-0.0121752	0.0155341051671039	0.0265544	FALSE	FALSE	FALSE	M_HDL_P.regenie.gz	0.00762917	0.956576	M_HDL_P.regenie.gz	2.09e-8	0.0071	cisIL6R	cisIL6R	2	TRUE	NA
rs11264224	A	C	A	C	-0.0418	-0.0149789	0.91	0.830369	FALSE	FALSE	FALSE	M_HDL_P.regenie.gz	0.00333696	5.1449	M_HDL_P.regenie.gz	1.5999999999999998e-49	0.0028	cisIL6R	cisIL6R	2	TRUE	NA
rs113580743	A	G	A	G	-0.055	-0.00689856	0.0439491355907987	0.0399063	FALSE	FALSE	FALSE	M_HDL_P.regenie.gz	0.00637949	0.553565	M_HDL_P.regenie.gz	1.0899999999999999e-23	0.0055	cisIL6R	cisIL6R	2	TRUE	NA
rs116141616	A	G	A	G	-0.0387	-0.00172888	0.0169854105164078	0.0282493	FALSE	FALSE	FALSE	M_HDL_P.regenie.gz	0.00741247	0.0885358	M_HDL_P.regenie.gz	1.76e-8	0.0069	cisIL6R	cisIL6R	2	TRUE	NA
rs12059682	T	C	T	C	0.0474	0.00774205	0.71775092936803	0.790996	FALSE	FALSE	FALSE	M_HDL_P.regenie.gz	0.00302049	1.98414	M_HDL_P.regenie.gz	2.11e-77	0.0025	cisIL6R	cisIL6R	2	TRUE	NA
rs12083537	A	G	A	G	-0.0679	-0.0063447	0.7746726513808679	0.780873	FALSE	FALSE	FALSE	M_HDL_P.regenie.gz	0.00297836	1.47952	M_HDL_P.regenie.gz	3e-156	0.0026	cisIL6R	cisIL6R	2	TRUE	NA
rs12406117	A	G	A	G	-0.0124	-0.00343556	0.527726617267029	0.546751	FALSE	FALSE	FALSE	M_HDL_P.regenie.gz	0.00247501	0.782238	M_HDL_P.regenie.gz	3.83e-9	0.0021	cisIL6R	cisIL6R	2	TRUE	NA
rs12735458	A	G	A	G	-0.0842	-0.00298128	0.9897835250410802	0.9862747	FALSE	FALSE	FALSE	M_HDL_P.regenie.gz	0.0107785	0.106742	M_HDL_P.regenie.gz	4.53e-20	0.0092	cisIL6R	cisIL6R	2	TRUE	NA
rs144029367	T	C	T	C	0.0498	0.0074205	0.9866587755451292	0.9810703	FALSE	FALSE	FALSE	M_HDL_P.regenie.gz	0.00918145	0.377815	M_HDL_P.regenie.gz	5.43e-10	0.008	cisIL6R	cisIL6R	2	TRUE	NA
rs145262901	A	G	A	G	0.061	-8.57212e-4	0.0108279253266245	0.0119796	FALSE	FALSE	FALSE	M_HDL_P.regenie.gz	0.0126733	0.0240755	M_HDL_P.regenie.gz	2.38e-9	0.0102	cisIL6R	cisIL6R	2	TRUE	NA
rs145909430	T	C	T	C	-0.1001	-0.0118085	0.9860237346296826	0.9781826	FALSE	FALSE	FALSE	M_HDL_P.regenie.gz	0.00878627	0.747246	M_HDL_P.regenie.gz	2.859999999999999e-34	0.0082	cisIL6R	cisIL6R	2	TRUE	NA
rs16836054	A	G	A	G	-0.0516	-0.00557734	0.12661767853321	0.16064	FALSE	FALSE	FALSE	M_HDL_P.regenie.gz	0.00335132	1.01742	M_HDL_P.regenie.gz	1.51e-75	0.0028	cisIL6R	cisIL6R	2	TRUE	NA
rs183641528	A	G	A	G	0.0851	-0.00905524	0.0111652775593647	0.0193547	FALSE	FALSE	FALSE	M_HDL_P.regenie.gz	0.00918981	0.488854	M_HDL_P.regenie.gz	1.62e-26	0.008	cisIL6R	cisIL6R	2	TRUE	NA
rs2228145	A	C	A	C	-0.0947	-0.00959559	0.682680858999555	0.591226	FALSE	FALSE	FALSE	M_HDL_P.regenie.gz	0.00249295	3.92609	M_HDL_P.regenie.gz	3e-307	0.0021	cisIL6R	cisIL6R	2	TRUE	NA
rs34693607	C	G	C	G	-0.0328	-0.00709376	0.845346246143298	0.787723	FALSE	TRUE	FALSE	M_HDL_P.regenie.gz	0.00300702	1.73705	M_HDL_P.regenie.gz	3.83e-36	0.0026	cisIL6R	cisIL6R	2	TRUE	NA
rs3738028	A	C	A	C	-0.0137	-0.00447567	0.571766505152724	0.58033	FALSE	FALSE	FALSE	M_HDL_P.regenie.gz	0.00261975	1.05771	M_HDL_P.regenie.gz	1.19e-9	0.0023	cisIL6R	cisIL6R	2	TRUE	NA
rs3766925	A	T	A	T	0.0148	-0.0071929	0.219709854927464	0.226148	FALSE	TRUE	FALSE	M_HDL_P.regenie.gz	0.00293529	1.84569	M_HDL_P.regenie.gz	2.69e-9	0.0025	cisIL6R	cisIL6R	2	TRUE	NA
rs41269913	T	C	T	C	0.0424	-0.00357432	0.0268009924709103	0.0385267	FALSE	FALSE	FALSE	M_HDL_P.regenie.gz	0.00637729	0.240215	M_HDL_P.regenie.gz	2.28e-13	0.0058	cisIL6R	cisIL6R	2	TRUE	NA
rs56100876	A	G	A	G	0.117	0.00122446	0.0152765069198216	0.0190301	FALSE	FALSE	FALSE	M_HDL_P.regenie.gz	0.00927909	0.0481689	M_HDL_P.regenie.gz	3.2699999999999984e-42	0.0086	cisIL6R	cisIL6R	2	TRUE	NA
rs61806853	T	C	T	C	-0.0437	-0.0123335	0.9662369333010083	0.9507673	FALSE	FALSE	FALSE	M_HDL_P.regenie.gz	0.00567718	1.52549	M_HDL_P.regenie.gz	1.23e-18	0.005	cisIL6R	cisIL6R	2	TRUE	NA
rs6698385	A	G	A	G	0.035	0.00124697	0.836561380471861	0.799916	FALSE	FALSE	FALSE	M_HDL_P.regenie.gz	0.00309183	0.163221	M_HDL_P.regenie.gz	3.74e-41	0.0026	cisIL6R	cisIL6R	2	TRUE	NA
rs73026617	T	C	T	C	-0.0467	-0.00310974	0.105487038940276	0.101701	FALSE	FALSE	FALSE	M_HDL_P.regenie.gz	0.00406809	0.352015	M_HDL_P.regenie.gz	1.69e-42	0.0034	cisIL6R	cisIL6R	2	TRUE	NA
rs7525477	A	G	A	G	-0.0296	-0.00192859	0.393088275211795	0.443025	FALSE	FALSE	FALSE	M_HDL_P.regenie.gz	0.00259531	0.339687	M_HDL_P.regenie.gz	1.35e-38	0.0023	cisIL6R	cisIL6R	2	TRUE	NA
rs76289529	T	C	T	C	0.0519	-0.00229039	0.024137045334551	0.0384077	FALSE	FALSE	FALSE	M_HDL_P.regenie.gz	0.0064766	0.140496	M_HDL_P.regenie.gz	4.78e-18	0.006	cisIL6R	cisIL6R	2	TRUE	NA
rs77994623	T	C	T	C	-0.046	-0.0055685	0.137397004012738	0.168527	FALSE	FALSE	FALSE	M_HDL_P.regenie.gz	0.00327759	1.04902	M_HDL_P.regenie.gz	1.4999999999999999e-58	0.0029	cisIL6R	cisIL6R	2	TRUE	NA
rs78035035	A	C	A	C	-0.0457	-0.0113985	0.0137501427103551	0.021806	FALSE	FALSE	FALSE	M_HDL_P.regenie.gz	0.00873961	0.716352	M_HDL_P.regenie.gz	1.43e-8	0.0081	cisIL6R	cisIL6R	2	TRUE	NA
rs1130864	A	G	A	G	-0.133	0.00246183	0.306	0.306751	FALSE	FALSE	FALSE	M_HDL_P.regenie.gz	0.00266575	0.448862	M_HDL_P.regenie.gz	1e-291	0.0021	cisCRP	cisCRP	2	TRUE	NA
rs1205	T	C	T	C	0.176	-0.00563673	0.331	0.330747	FALSE	FALSE	FALSE	M_HDL_P.regenie.gz	0.00260426	1.51667	M_HDL_P.regenie.gz	1e-291	0.0021	cisCRP	cisCRP	2	TRUE	NA
rs1800947	C	G	C	G	0.2694	-0.00590094	0.061	0.060992999999999964	FALSE	TRUE	FALSE	M_HDL_P.regenie.gz	0.00518024	0.594053	M_HDL_P.regenie.gz	1e-291	0.0044	cisCRP	cisCRP	2	TRUE	NA
rs3093077	A	C	A	C	-0.218	4.72541e-4	0.057	0.9430602	FALSE	FALSE	FALSE	M_HDL_P.regenie.gz	0.0053014	0.0319962	M_HDL_P.regenie.gz	1e-291	0.0043	cisCRP	cisCRP	2	TRUE	NA
rs112203594	A	C	A	C	-0.0396	-0.0142936	0.0155341051671039	0.0265544	FALSE	FALSE	FALSE	S_HDL_P.regenie.gz	0.00838964	1.05338	S_HDL_P.regenie.gz	2.09e-8	0.0071	cisIL6R	cisIL6R	2	TRUE	NA
rs11264224	A	C	A	C	-0.0418	-0.0194117	0.91	0.830369	FALSE	FALSE	FALSE	S_HDL_P.regenie.gz	0.00366959	6.91222	S_HDL_P.regenie.gz	1.5999999999999998e-49	0.0028	cisIL6R	cisIL6R	2	TRUE	NA
rs113580743	A	G	A	G	-0.055	0.00253221	0.0439491355907987	0.0399063	FALSE	FALSE	FALSE	S_HDL_P.regenie.gz	0.00701539	0.143793	S_HDL_P.regenie.gz	1.0899999999999999e-23	0.0055	cisIL6R	cisIL6R	2	TRUE	NA
rs116141616	A	G	A	G	-0.0387	3.7579e-4	0.0169854105164078	0.0282493	FALSE	FALSE	FALSE	S_HDL_P.regenie.gz	0.00815134	0.0162703	S_HDL_P.regenie.gz	1.76e-8	0.0069	cisIL6R	cisIL6R	2	TRUE	NA
rs12059682	T	C	T	C	0.0474	0.00699347	0.71775092936803	0.790996	FALSE	FALSE	FALSE	S_HDL_P.regenie.gz	0.00332157	1.45284	S_HDL_P.regenie.gz	2.11e-77	0.0025	cisIL6R	cisIL6R	2	TRUE	NA
rs12083537	A	G	A	G	-0.0679	-0.0117571	0.7746726513808679	0.780873	FALSE	FALSE	FALSE	S_HDL_P.regenie.gz	0.00327524	3.48007	S_HDL_P.regenie.gz	3e-156	0.0026	cisIL6R	cisIL6R	2	TRUE	NA
rs12406117	A	G	A	G	-0.0124	-0.00504137	0.527726617267029	0.546751	FALSE	FALSE	FALSE	S_HDL_P.regenie.gz	0.00272171	1.19391	S_HDL_P.regenie.gz	3.83e-9	0.0021	cisIL6R	cisIL6R	2	TRUE	NA
rs12735458	A	G	A	G	-0.0842	-0.0234082	0.9897835250410802	0.9862747	FALSE	FALSE	FALSE	S_HDL_P.regenie.gz	0.0118529	1.31622	S_HDL_P.regenie.gz	4.53e-20	0.0092	cisIL6R	cisIL6R	2	TRUE	NA
rs144029367	T	C	T	C	0.0498	-0.00152935	0.9866587755451292	0.9810703	FALSE	FALSE	FALSE	S_HDL_P.regenie.gz	0.0100967	0.0557129	S_HDL_P.regenie.gz	5.43e-10	0.008	cisIL6R	cisIL6R	2	TRUE	NA
rs145262901	A	G	A	G	0.061	-0.00640723	0.0108279253266245	0.0119796	FALSE	FALSE	FALSE	S_HDL_P.regenie.gz	0.0139366	0.189969	S_HDL_P.regenie.gz	2.38e-9	0.0102	cisIL6R	cisIL6R	2	TRUE	NA
rs145909430	T	C	T	C	-0.1001	-0.0205155	0.9860237346296826	0.9781826	FALSE	FALSE	FALSE	S_HDL_P.regenie.gz	0.00966209	1.472	S_HDL_P.regenie.gz	2.859999999999999e-34	0.0082	cisIL6R	cisIL6R	2	TRUE	NA
rs16836054	A	G	A	G	-0.0516	-0.0172172	0.12661767853321	0.16064	FALSE	FALSE	FALSE	S_HDL_P.regenie.gz	0.00368537	5.5249	S_HDL_P.regenie.gz	1.51e-75	0.0028	cisIL6R	cisIL6R	2	TRUE	NA
rs183641528	A	G	A	G	0.0851	9.49048e-4	0.0111652775593647	0.0193547	FALSE	FALSE	FALSE	S_HDL_P.regenie.gz	0.0101058	0.0337737	S_HDL_P.regenie.gz	1.62e-26	0.008	cisIL6R	cisIL6R	2	TRUE	NA
rs2228145	A	C	A	C	-0.0947	-0.0122313	0.682680858999555	0.591226	FALSE	FALSE	FALSE	S_HDL_P.regenie.gz	0.00274144	5.08973	S_HDL_P.regenie.gz	3e-307	0.0021	cisIL6R	cisIL6R	2	TRUE	NA
rs34693607	C	G	C	G	-0.0328	-0.011311	0.845346246143298	0.787723	FALSE	TRUE	FALSE	S_HDL_P.regenie.gz	0.00330676	3.20421	S_HDL_P.regenie.gz	3.83e-36	0.0026	cisIL6R	cisIL6R	2	TRUE	NA
rs3738028	A	C	A	C	-0.0137	-0.0037161	0.571766505152724	0.58033	FALSE	FALSE	FALSE	S_HDL_P.regenie.gz	0.00288089	0.705356	S_HDL_P.regenie.gz	1.19e-9	0.0023	cisIL6R	cisIL6R	2	TRUE	NA
rs3766925	A	T	A	T	0.0148	-0.00555594	0.219709854927464	0.226148	FALSE	TRUE	FALSE	S_HDL_P.regenie.gz	0.00322788	1.06952	S_HDL_P.regenie.gz	2.69e-9	0.0025	cisIL6R	cisIL6R	2	TRUE	NA
rs41269913	T	C	T	C	0.0424	-0.00192515	0.0268009924709103	0.0385267	FALSE	FALSE	FALSE	S_HDL_P.regenie.gz	0.00701298	0.105855	S_HDL_P.regenie.gz	2.28e-13	0.0058	cisIL6R	cisIL6R	2	TRUE	NA
rs56100876	A	G	A	G	0.117	-4.84826e-4	0.0152765069198216	0.0190301	FALSE	FALSE	FALSE	S_HDL_P.regenie.gz	0.010204	0.0167779	S_HDL_P.regenie.gz	3.2699999999999984e-42	0.0086	cisIL6R	cisIL6R	2	TRUE	NA
rs61806853	T	C	T	C	-0.0437	-0.0164686	0.9662369333010083	0.9507673	FALSE	FALSE	FALSE	S_HDL_P.regenie.gz	0.00624308	2.07873	S_HDL_P.regenie.gz	1.23e-18	0.005	cisIL6R	cisIL6R	2	TRUE	NA
rs6698385	A	G	A	G	0.035	0.0107177	0.836561380471861	0.799916	FALSE	FALSE	FALSE	S_HDL_P.regenie.gz	0.00340002	2.79042	S_HDL_P.regenie.gz	3.74e-41	0.0026	cisIL6R	cisIL6R	2	TRUE	NA
rs73026617	T	C	T	C	-0.0467	-0.00828808	0.105487038940276	0.101701	FALSE	FALSE	FALSE	S_HDL_P.regenie.gz	0.0044736	1.19429	S_HDL_P.regenie.gz	1.69e-42	0.0034	cisIL6R	cisIL6R	2	TRUE	NA
rs7525477	A	G	A	G	-0.0296	0.00264404	0.393088275211795	0.443025	FALSE	FALSE	FALSE	S_HDL_P.regenie.gz	0.00285401	0.450724	S_HDL_P.regenie.gz	1.35e-38	0.0023	cisIL6R	cisIL6R	2	TRUE	NA
rs76289529	T	C	T	C	0.0519	-0.00483845	0.024137045334551	0.0384077	FALSE	FALSE	FALSE	S_HDL_P.regenie.gz	0.00712219	0.303716	S_HDL_P.regenie.gz	4.78e-18	0.006	cisIL6R	cisIL6R	2	TRUE	NA
rs77994623	T	C	T	C	-0.046	-0.0010948	0.137397004012738	0.168527	FALSE	FALSE	FALSE	S_HDL_P.regenie.gz	0.00360429	0.118433	S_HDL_P.regenie.gz	1.4999999999999999e-58	0.0029	cisIL6R	cisIL6R	2	TRUE	NA
rs78035035	A	C	A	C	-0.0457	-0.0407165	0.0137501427103551	0.021806	FALSE	FALSE	FALSE	S_HDL_P.regenie.gz	0.00961077	4.644	S_HDL_P.regenie.gz	1.43e-8	0.0081	cisIL6R	cisIL6R	2	TRUE	NA
rs1130864	A	G	A	G	-0.133	0.00417454	0.306	0.306751	FALSE	FALSE	FALSE	S_HDL_P.regenie.gz	0.00293147	0.811258	S_HDL_P.regenie.gz	1e-291	0.0021	cisCRP	cisCRP	2	TRUE	NA
rs1205	T	C	T	C	0.176	-0.00439454	0.331	0.330747	FALSE	FALSE	FALSE	S_HDL_P.regenie.gz	0.00286385	0.903401	S_HDL_P.regenie.gz	1e-291	0.0021	cisCRP	cisCRP	2	TRUE	NA
rs1800947	C	G	C	G	0.2694	-0.00225737	0.061	0.060992999999999964	FALSE	TRUE	FALSE	S_HDL_P.regenie.gz	0.00569661	0.159951	S_HDL_P.regenie.gz	1e-291	0.0044	cisCRP	cisCRP	2	TRUE	NA
rs3093077	A	C	A	C	-0.218	0.00255599	0.057	0.9430602	FALSE	FALSE	FALSE	S_HDL_P.regenie.gz	0.00582984	0.179751	S_HDL_P.regenie.gz	1e-291	0.0043	cisCRP	cisCRP	2	TRUE	NA
rs112203594	A	C	A	C	-0.0396	2.6782e-4	0.0155341051671039	0.0265544	FALSE	FALSE	FALSE	XL_HDL_P.regenie.gz	0.00732931	0.0128474	XL_HDL_P.regenie.gz	2.09e-8	0.0071	cisIL6R	cisIL6R	2	TRUE	NA
rs11264224	A	C	A	C	-0.0418	-3.05382e-4	0.91	0.830369	FALSE	FALSE	FALSE	XL_HDL_P.regenie.gz	0.00320581	0.0342768	XL_HDL_P.regenie.gz	1.5999999999999998e-49	0.0028	cisIL6R	cisIL6R	2	TRUE	NA
rs113580743	A	G	A	G	-0.055	-0.00414606	0.0439491355907987	0.0399063	FALSE	FALSE	FALSE	XL_HDL_P.regenie.gz	0.00612875	0.302137	XL_HDL_P.regenie.gz	1.0899999999999999e-23	0.0055	cisIL6R	cisIL6R	2	TRUE	NA
rs116141616	A	G	A	G	-0.0387	-0.012728	0.0169854105164078	0.0282493	FALSE	FALSE	FALSE	XL_HDL_P.regenie.gz	0.00712113	1.13147	XL_HDL_P.regenie.gz	1.76e-8	0.0069	cisIL6R	cisIL6R	2	TRUE	NA
rs12059682	T	C	T	C	0.0474	0.00264983	0.71775092936803	0.790996	FALSE	FALSE	FALSE	XL_HDL_P.regenie.gz	0.00290177	0.442313	XL_HDL_P.regenie.gz	2.11e-77	0.0025	cisIL6R	cisIL6R	2	TRUE	NA
rs12083537	A	G	A	G	-0.0679	0.00431089	0.7746726513808679	0.780873	FALSE	FALSE	FALSE	XL_HDL_P.regenie.gz	0.0028613	0.879728	XL_HDL_P.regenie.gz	3e-156	0.0026	cisIL6R	cisIL6R	2	TRUE	NA
rs12406117	A	G	A	G	-0.0124	7.24773e-4	0.527726617267029	0.546751	FALSE	FALSE	FALSE	XL_HDL_P.regenie.gz	0.00237773	0.118898	XL_HDL_P.regenie.gz	3.83e-9	0.0021	cisIL6R	cisIL6R	2	TRUE	NA
rs12735458	A	G	A	G	-0.0842	0.0107895	0.9897835250410802	0.9862747	FALSE	FALSE	FALSE	XL_HDL_P.regenie.gz	0.0103549	0.526624	XL_HDL_P.regenie.gz	4.53e-20	0.0092	cisIL6R	cisIL6R	2	TRUE	NA
rs144029367	T	C	T	C	0.0498	0.00377437	0.9866587755451292	0.9810703	FALSE	FALSE	FALSE	XL_HDL_P.regenie.gz	0.00882058	0.174755	XL_HDL_P.regenie.gz	5.43e-10	0.008	cisIL6R	cisIL6R	2	TRUE	NA
rs145262901	A	G	A	G	0.061	0.00216154	0.0108279253266245	0.0119796	FALSE	FALSE	FALSE	XL_HDL_P.regenie.gz	0.0121752	0.0659629	XL_HDL_P.regenie.gz	2.38e-9	0.0102	cisIL6R	cisIL6R	2	TRUE	NA
rs145909430	T	C	T	C	-0.1001	0.0117416	0.9860237346296826	0.9781826	FALSE	FALSE	FALSE	XL_HDL_P.regenie.gz	0.00844094	0.784587	XL_HDL_P.regenie.gz	2.859999999999999e-34	0.0082	cisIL6R	cisIL6R	2	TRUE	NA
rs16836054	A	G	A	G	-0.0516	0.00768819	0.12661767853321	0.16064	FALSE	FALSE	FALSE	XL_HDL_P.regenie.gz	0.0032196	1.771	XL_HDL_P.regenie.gz	1.51e-75	0.0028	cisIL6R	cisIL6R	2	TRUE	NA
rs183641528	A	G	A	G	0.0851	-8.68748e-4	0.0111652775593647	0.0193547	FALSE	FALSE	FALSE	XL_HDL_P.regenie.gz	0.00882862	0.0354511	XL_HDL_P.regenie.gz	1.62e-26	0.008	cisIL6R	cisIL6R	2	TRUE	NA
rs2228145	A	C	A	C	-0.0947	-0.00204748	0.682680858999555	0.591226	FALSE	FALSE	FALSE	XL_HDL_P.regenie.gz	0.00239496	0.40605	XL_HDL_P.regenie.gz	3e-307	0.0021	cisIL6R	cisIL6R	2	TRUE	NA
rs34693607	C	G	C	G	-0.0328	0.00422364	0.845346246143298	0.787723	FALSE	TRUE	FALSE	XL_HDL_P.regenie.gz	0.0028888299999999998	0.842466	XL_HDL_P.regenie.gz	3.83e-36	0.0026	cisIL6R	cisIL6R	2	TRUE	NA
rs3738028	A	C	A	C	-0.0137	1.12182e-4	0.571766505152724	0.58033	FALSE	FALSE	FALSE	XL_HDL_P.regenie.gz	0.00251679	0.0157215	XL_HDL_P.regenie.gz	1.19e-9	0.0023	cisIL6R	cisIL6R	2	TRUE	NA
rs3766925	A	T	A	T	0.0148	0.00120533	0.219709854927464	0.226148	FALSE	TRUE	FALSE	XL_HDL_P.regenie.gz	0.00281993	0.174533	XL_HDL_P.regenie.gz	2.69e-9	0.0025	cisIL6R	cisIL6R	2	TRUE	NA
rs41269913	T	C	T	C	0.0424	-1.39228e-4	0.0268009924709103	0.0385267	FALSE	FALSE	FALSE	XL_HDL_P.regenie.gz	0.00612664	0.00794616	XL_HDL_P.regenie.gz	2.28e-13	0.0058	cisIL6R	cisIL6R	2	TRUE	NA
rs56100876	A	G	A	G	0.117	0.00395752	0.0152765069198216	0.0190301	FALSE	FALSE	FALSE	XL_HDL_P.regenie.gz	0.00891438	0.182381	XL_HDL_P.regenie.gz	3.2699999999999984e-42	0.0086	cisIL6R	cisIL6R	2	TRUE	NA
rs61806853	T	C	T	C	-0.0437	-0.00374901	0.9662369333010083	0.9507673	FALSE	FALSE	FALSE	XL_HDL_P.regenie.gz	0.00545404	0.308174	XL_HDL_P.regenie.gz	1.23e-18	0.005	cisIL6R	cisIL6R	2	TRUE	NA
rs6698385	A	G	A	G	0.035	-0.0108982	0.836561380471861	0.799916	FALSE	FALSE	FALSE	XL_HDL_P.regenie.gz	0.00297031	3.61358	XL_HDL_P.regenie.gz	3.74e-41	0.0026	cisIL6R	cisIL6R	2	TRUE	NA
rs73026617	T	C	T	C	-0.0467	0.00175813	0.105487038940276	0.101701	FALSE	FALSE	FALSE	XL_HDL_P.regenie.gz	0.0039082	0.185211	XL_HDL_P.regenie.gz	1.69e-42	0.0034	cisIL6R	cisIL6R	2	TRUE	NA
rs7525477	A	G	A	G	-0.0296	-0.00296198	0.393088275211795	0.443025	FALSE	FALSE	FALSE	XL_HDL_P.regenie.gz	0.00249331	0.629221	XL_HDL_P.regenie.gz	1.35e-38	0.0023	cisIL6R	cisIL6R	2	TRUE	NA
rs76289529	T	C	T	C	0.0519	0.00126956	0.024137045334551	0.0384077	FALSE	FALSE	FALSE	XL_HDL_P.regenie.gz	0.00622205	0.0765896	XL_HDL_P.regenie.gz	4.78e-18	0.006	cisIL6R	cisIL6R	2	TRUE	NA
rs77994623	T	C	T	C	-0.046	-0.00823074	0.137397004012738	0.168527	FALSE	FALSE	FALSE	XL_HDL_P.regenie.gz	0.00314876	2.04818	XL_HDL_P.regenie.gz	1.4999999999999999e-58	0.0029	cisIL6R	cisIL6R	2	TRUE	NA
rs78035035	A	C	A	C	-0.0457	0.0298678	0.0137501427103551	0.021806	FALSE	FALSE	FALSE	XL_HDL_P.regenie.gz	0.00839611	3.4264	XL_HDL_P.regenie.gz	1.43e-8	0.0081	cisIL6R	cisIL6R	2	TRUE	NA
rs1130864	A	G	A	G	-0.133	0.00270426	0.306	0.306751	FALSE	FALSE	FALSE	XL_HDL_P.regenie.gz	0.00256098	0.536119	XL_HDL_P.regenie.gz	1e-291	0.0021	cisCRP	cisCRP	2	TRUE	NA
rs1205	T	C	T	C	0.176	-0.0039941	0.331	0.330747	FALSE	FALSE	FALSE	XL_HDL_P.regenie.gz	0.0025019	0.957056	XL_HDL_P.regenie.gz	1e-291	0.0021	cisCRP	cisCRP	2	TRUE	NA
rs1800947	C	G	C	G	0.2694	-0.010049	0.061	0.060992999999999964	FALSE	TRUE	FALSE	XL_HDL_P.regenie.gz	0.00497664	1.36187	XL_HDL_P.regenie.gz	1e-291	0.0044	cisCRP	cisCRP	2	TRUE	NA
rs3093077	A	C	A	C	-0.218	-0.00578147	0.057	0.9430602	FALSE	FALSE	FALSE	XL_HDL_P.regenie.gz	0.00509303	0.591246	XL_HDL_P.regenie.gz	1e-291	0.0043	cisCRP	cisCRP	2	TRUE	NA
